,country,Year,elec_access,gdp_pc
0,Cameroon,1991,29.0,1014.82897292999
1,Cameroon,1992,32.6975250244141,1005.44897647465
2,Cameroon,1993,33.849193572998,1309.93629975506
3,Cameroon,1994,34.9995040893555,700.70950185009
4,Cameroon,1995,36.1477737426758,832.006674487689
5,Cameroon,1996,37.2933235168457,826.965322327363
6,Cameroon,1997,38.435474395752,783.251601945462
7,Cameroon,1998,40.7,798.745621406677
8,Cameroon,1999,40.7067756652832,796.262649784591
9,Cameroon,2000,41.0,708.565731625965
10,Cameroon,2001,46.2,715.470296470585
11,Cameroon,2002,44.0,789.623811072554
12,Cameroon,2003,45.1,988.241276791846
13,Cameroon,2004,47.1,1133.39326749673
14,Cameroon,2005,47.2,1142.62466252106
15,Cameroon,2006,49.0,1191.45458990968
16,Cameroon,2007,48.2,1325.67248215933
17,Cameroon,2008,50.6,1492.14269801453
18,Cameroon,2009,51.7,1461.38999232337
19,Cameroon,2010,52.8,1398.58702025047
20,Cameroon,2011,53.7,1513.96056994878
21,Cameroon,2012,55.2,1449.09874362279
22,Cameroon,2013,56.3,1575.92882118897
23,Cameroon,2014,56.8,1649.4433905949
24,Cameroon,2015,58.6,1415.00009710569
25,Cameroon,2016,59.8,1441.7201725688
26,Cameroon,2017,60.9,1496.08951771242
27,Cameroon,2018,62.2,1610.69641591017
28,Cameroon,2019,63.2,1555.22660476477
29,Cameroon,2020,64.3,1555.60370660749
30,Cameroon,2021,65.4,1672.32657340872
31,Cameroon,2022,71.0,1604.87726954895
32,Cameroon,2023,72.0,1720.47510154506
33,Cote d'Ivoire,1994,36.5,581.888468577405
34,Cote d'Ivoire,1995,43.6312522888184,740.4730999
35,Cote d'Ivoire,1996,44.6482124328613,1170.23622049666
36,Cote d'Ivoire,1997,45.6617698669434,1124.65674867927
37,Cote d'Ivoire,1998,46.6712455749512,1177.37133815342
38,Cote d'Ivoire,1999,48.2,1096.13520587572
39,Cote d'Ivoire,2000,48.7,936.636541348798
40,Cote d'Ivoire,2001,49.7,924.727294962066
41,Cote d'Ivoire,2002,51.4,967.815864415991
42,Cote d'Ivoire,2003,51.5,1111.17135087887
43,Cote d'Ivoire,2004,52.4,1199.82524528546
44,Cote d'Ivoire,2005,58.9,1197.74616979415
45,Cote d'Ivoire,2006,60.2,1230.43056838584
46,Cote d'Ivoire,2007,55.3,1367.53817722326
47,Cote d'Ivoire,2008,60.3,1583.97066701372
48,Cote d'Ivoire,2009,57.3,1540.45393569596
49,Cote d'Ivoire,2010,58.4,1553.54887048143
50,Cote d'Ivoire,2011,55.8,1596.62826565998
51,Cote d'Ivoire,2012,55.8,1546.9460184731
52,Cote d'Ivoire,2013,61.5,1786.15862031324
53,Cote d'Ivoire,2014,61.9,1991.36539423404
54,Cote d'Ivoire,2015,62.6,1814.71855088017
55,Cote d'Ivoire,2016,64.3,1862.59597081287
56,Cote d'Ivoire,2017,65.6,1964.29930338343
57,Cote d'Ivoire,2018,67.1,2130.86619381144
58,Cote d'Ivoire,2019,68.6,2141.76836170115
59,Cote d'Ivoire,2020,69.9,2179.72934832935
60,Cote d'Ivoire,2021,71.1,2455.98127641148
61,Cote d'Ivoire,2022,72.0,2333.37128301259
62,Cote d'Ivoire,2023,72.4,2591.9659048119
63,Ghana,1993,30.6,359.800844097528
64,Ghana,1994,30.36940575,320.50390343252
65,Ghana,1995,32.4504508972168,371.537243033836
66,Ghana,1996,34.5287704467773,389.271267898831
67,Ghana,1997,36.6036949157715,377.841935501461
68,Ghana,1998,42.6,400.366799508524
69,Ghana,1999,40.7405395507813,403.037326127273
70,Ghana,2000,43.7,253.746936203344
71,Ghana,2001,44.8,263.542156494853
72,Ghana,2002,46.8,297.46164468774
73,Ghana,2003,48.3,358.39927142073
74,Ghana,2004,50.8,406.132105329565
75,Ghana,2005,41.3,478.611909191028
76,Ghana,2006,55.1,906.441027564887
77,Ghana,2007,56.9,1050.12461524926
78,Ghana,2008,60.5,1182.65761256016
79,Ghana,2009,61.1,1047.70430093586
80,Ghana,2010,64.2,1263.89251760539
81,Ghana,2011,64.1,1507.43573198753
82,Ghana,2012,56.5,1543.77524235764
83,Ghana,2013,70.7,2294.79584693743
84,Ghana,2014,78.3,1949.90832923846
85,Ghana,2015,74.0,1722.77282833606
86,Ghana,2016,79.3,1912.47991339951
87,Ghana,2017,79.0,2012.28662641265
88,Ghana,2018,80.4,2195.32166016377
89,Ghana,2019,83.5,2186.65822682613
90,Ghana,2020,85.4,2195.45481659987
91,Ghana,2021,86.3,2445.18662529344
92,Ghana,2022,85.1,2229.89122647803
93,Ghana,2023,89.5,2383.90410483418
94,Nigeria,1990,27.3,556.376449130902
95,Nigeria,1991,35.2346000671387,596.938795710722
96,Nigeria,1992,36.0994606018066,508.515905682785
97,Nigeria,1993,36.9636459350586,539.573202297542
98,Nigeria,1994,37.8264694213867,744.884247151377
99,Nigeria,1995,38.6872520446777,1271.61617353199
100,Nigeria,1996,39.5453186035156,1632.72469370276
101,Nigeria,1997,40.3999824523926,1720.27540949396
102,Nigeria,1998,41.2505683898926,1822.46998452473
103,Nigeria,1999,44.9,480.669363941805
104,Nigeria,2000,43.2,547.318298903379
105,Nigeria,2001,43.9,566.428231812933
106,Nigeria,2002,44.6,712.164852077686
107,Nigeria,2003,52.2,763.388745367223
108,Nigeria,2004,46.1,962.48104194733
109,Nigeria,2005,46.8,1211.37703504386
110,Nigeria,2006,47.6,1599.53891556365
111,Nigeria,2007,50.1,1815.52697545827
112,Nigeria,2008,50.3,2154.10543545364
113,Nigeria,2009,50.0,1820.48633854782
114,Nigeria,2010,48.0,2202.25672957344
115,Nigeria,2011,55.9,2418.41316975875
116,Nigeria,2012,53.0,2633.19734671361
117,Nigeria,2013,55.6,2872.79083379398
118,Nigeria,2014,54.2,3088.72131316169
119,Nigeria,2015,52.5,2585.73360671797
120,Nigeria,2016,59.3,2070.4127339595
121,Nigeria,2017,54.4,1876.34027111773
122,Nigeria,2018,56.5,2057.87944554011
123,Nigeria,2019,55.4,3189.81286498516
124,Nigeria,2020,55.4,2797.18458068686
125,Nigeria,2021,59.5,2787.48779224428
126,Nigeria,2022,60.5,2899.16047470324
127,Nigeria,2023,61.2,2138.76383719983
